Varieta;Trattamento;count;Peso_tot_mean;Peso_tot_sd;Peso_tot_min;Peso_tot_max;Resa_mean;Resa_sd;Resa_min;Resa_max
Espoir;Bagged;1;4.74;NA;4.74;4.74;19.19831224;NA;19.19831224;19.19831224
Espoir;Open;43;3.882093023;1.058645941;0.61;6.46;17.9589178;5.307819834;0;27.54491018
Espoir;Open_HP;36;4.055833333;0.791517079;2.15;5.82;18.78789839;4.478033121;1.700680272;23.92156863
Largueta;Open;11;5.992727273;1.260262599;3.96;7.99;17.12861597;1.809612942;14.73429952;20.19498607
Largueta;Open_HP;14;7.047357143;1.081303744;5.33;9.6;15.20702623;3.663206208;2.903811252;17.60840999
Planeta;Open;8;4.31;1.083908272;2.47;5.82;19.73312581;1.622420907;17.50972763;22.25609756
Planeta;Open_HP;5;5.386;0.911663315;4.23;6.48;16.25029985;8.367635686;1.418439716;21.20075047
